,,,,,,,,,,,,,,,,,,,,,,,,,,,,,,,,,,,,,,,,,,,,,,,,,,,,,,,,,,,,,,,,,,,,,,,,,,,,,,,,,,,,,,,,,,,,,,,
Marca temporal,11/11/2021 13:12:00,18/11/2021 19:57:06,18/11/2021 19:58:56,18/11/2021 19:59:28,18/11/2021 20:00:32,18/11/2021 20:03:02,18/11/2021 20:05:11,18/11/2021 20:08:39,18/11/2021 20:08:54,18/11/2021 20:09:27,18/11/2021 20:09:45,18/11/2021 20:13:53,18/11/2021 20:13:54,18/11/2021 20:14:21,18/11/2021 20:16:04,18/11/2021 20:17:50,18/11/2021 20:19:22,18/11/2021 20:20:02,18/11/2021 20:29:19,18/11/2021 20:36:54,18/11/2021 20:38:07,18/11/2021 20:38:46,18/11/2021 20:47:20,18/11/2021 21:21:37,18/11/2021 21:25:21,18/11/2021 21:25:57,18/11/2021 21:33:23,18/11/2021 21:44:21,18/11/2021 21:46:33,18/11/2021 22:08:59,18/11/2021 22:34:51,18/11/2021 22:47:45,18/11/2021 22:54:41,18/11/2021 22:58:01,18/11/2021 22:59:48,18/11/2021 23:21:02,18/11/2021 23:21:19,18/11/2021 23:22:25,18/11/2021 23:23:26,18/11/2021 23:26:22,18/11/2021 23:34:25,18/11/2021 23:41:21,19/11/2021 0:34:16,19/11/2021 7:14:55,19/11/2021 8:48:23,19/11/2021 8:52:08,19/11/2021 10:03:46,19/11/2021 10:10:15,19/11/2021 10:26:11,19/11/2021 10:58:20,19/11/2021 11:26:47,19/11/2021 11:31:18,19/11/2021 12:00:04,19/11/2021 12:05:32,19/11/2021 12:08:45,19/11/2021 12:11:06,19/11/2021 12:11:17,19/11/2021 12:20:48,19/11/2021 12:20:56,19/11/2021 12:31:58,19/11/2021 12:32:47,19/11/2021 12:35:45,19/11/2021 12:40:06,19/11/2021 12:42:27,19/11/2021 12:53:34,19/11/2021 13:19:56,19/11/2021 13:24:46,19/11/2021 14:18:16,19/11/2021 14:19:42,19/11/2021 14:36:07,19/11/2021 14:41:28,19/11/2021 14:44:27,19/11/2021 15:47:26,19/11/2021 16:45:52,20/11/2021 1:19:38,20/11/2021 12:29:33,22/11/2021 10:15:19,22/11/2021 13:40:48,22/11/2021 14:27:59,22/11/2021 14:59:37,22/11/2021 16:02:20,22/11/2021 20:11:16,23/11/2021 9:21:50,23/11/2021 9:42:26,23/11/2021 9:47:53,23/11/2021 9:48:26,23/11/2021 9:48:39,23/11/2021 10:14:28,23/11/2021 10:19:50,23/11/2021 10:24:21,23/11/2021 10:35:33,23/11/2021 10:41:56,23/11/2021 10:47:09,23/11/2021 11:04:35,23/11/2021 12:34:02
¿Qué edad tienes?,21-24,21-24,21-24,25 +,17-20,17-20,21-24,25 +,25 +,17-20,25 +,25 +,17-20,17-20,21-24,17-20,21-24,25 +,21-24,21-24,21-24,25 +,21-24,21-24,21-24,21-24,25 +,17-20,21-24,21-24,21-24,17-20,21-24,17-20,21-24,21-24,21-24,21-24,17-20,17-20,21-24,17-20,21-24,21-24,17-20,21-24,21-24,21-24,21-24,25 +,17-20,21-24,21-24,21-24,21-24,21-24,21-24,21-24,21-24,21-24,17-20,25 +,21-24,21-24,21-24,17-20,25 +,25 +,17-20,21-24,21-24,21-24,21-24,25 +,21-24,17-20,21-24,21-24,21-24,21-24,21-24,25 +,21-24,21-24,21-24,21-24,21-24,17-20,17-20,17-20,17-20,21-24,21-24,21-24,21-24
¿Con que género te identificas?,Masculino,Femenino,Femenino,Femenino,Femenino,Femenino,Femenino,Masculino,Femenino,Otro,Femenino,Masculino,Femenino,Masculino,Masculino,Masculino,Masculino,Femenino,Masculino,Femenino,Masculino,Masculino,Masculino,Femenino,Masculino,Masculino,Masculino,Masculino,Femenino,Masculino,Masculino,Femenino,Femenino,Femenino,Femenino,Femenino,Femenino,Masculino,Femenino,Femenino,Femenino,Femenino,Masculino,Femenino,Femenino,Femenino,Femenino,Femenino,Masculino,Masculino,Masculino,Masculino,Masculino,Masculino,Femenino,Femenino,Masculino,Masculino,Masculino,Masculino,Femenino,Femenino,Masculino,Femenino,Femenino,Femenino,Femenino,Masculino,Masculino,Femenino,Femenino,Femenino,Masculino,Masculino,Masculino,Femenino,Masculino,Femenino,Masculino,Masculino,Femenino,Femenino,Femenino,Femenino,Femenino,Femenino,Femenino,Masculino,Masculino,Femenino,Masculino,Masculino,Femenino,Femenino,Masculino
¿A qué rama pertenece la licenciatura que actualmente estudias?,Ciencias Sociales,Ingeniería,Ciencia,Ciencia,Ciencia,Ciencia,Ingeniería,Ciencia,Ciencia,Otro,Ciencias Sociales,Otro,Ciencia,Otro,Ingeniería,Otro,Ciencias Sociales,Ciencias Sociales,Ciencia,Ciencias Sociales,Ciencia,Ciencia,Ciencia,Ciencia,Ingeniería,Ingeniería,Otro,Ciencia,Otro,Ciencia,Ciencia,Ciencias Sociales,Ciencias Sociales,Ciencia,Ciencias Sociales,Humanidades,Ciencias Sociales,Ingeniería,Ciencias Sociales,Ciencias Sociales,Ciencia,Ciencia,Ciencia,Ciencias Sociales,Ciencias Sociales,Otro,Otro,Ciencias Sociales,Ingeniería,Ciencias Sociales,Ciencia,Ciencia,Ingeniería,Ciencia,Ciencia,Ciencias Sociales,Ciencia,Ingeniería,Ciencia,Ingeniería,Ingeniería,Ingeniería,Ingeniería,Ingeniería,Otro,Ingeniería,Ingeniería,Ingeniería,Ciencia,Otro,Ingeniería,Ingeniería,Ingeniería,Ciencias Sociales,Otro,Ciencia,Ciencia,Otro,Ciencias Sociales,Ingeniería,Ingeniería,Ciencia,Ciencia,Ciencias Sociales,Ciencias Sociales,Ciencias Sociales,Ciencias Sociales,Otro,Ingeniería,Otro,Ciencias Sociales,Otro,Otro,Otro,Ciencias Sociales
¿Qué tan importante es la educación de ciberseguridad para ti?,Importante,Muy importante,Importante,Importante,Importante,Importante,Muy importante,Poco importante,Importante,Importante,Importante,Muy importante,Poco importante,Importante,Importante,Importante,Importante,Importante,Importante,Importante,Muy importante,Importante,Muy importante,Poco importante,Importante,Importante,Importante,Importante,Poco importante,Importante,Importante,Muy importante,Muy importante,Importante,Importante,Importante,Importante,Muy importante,Importante,Muy importante,Importante,Importante,Importante,Muy importante,Muy importante,Importante,Muy importante,Importante,Muy importante,Muy importante,Muy importante,Muy importante,Muy importante,Muy importante,Importante,Importante,Importante,Importante,Muy importante,Importante,Importante,Importante,Muy importante,Importante,Importante,Poco importante,Importante,Muy importante,Importante,Importante,Importante,Muy importante,Importante,Importante,Importante,Importante,Poco importante,Muy importante,Muy importante,Importante,Importante,Muy importante,Importante,Muy importante,Muy importante,Muy importante,Poco importante,Poco importante,Muy importante,Importante,Importante,Muy importante,Importante,Muy importante,Muy importante
¿Cuál crees que es la cuestión más importante en temas de educación de ciberseguridad?,Proteger información personal en linea,Prevenir accesos de tus cuentas sin permiso,Proteger información personal en linea,Proteger información personal en linea,Proteger información personal en linea,Proteger información personal en linea,"Evitar ciber acoso, ciber bullying, entre otros",Proteger información personal en linea,Prevenir accesos de tus cuentas sin permiso,"Evitar ciber acoso, ciber bullying, entre otros",Proteger información personal en linea,Proteger información personal en linea,"Evitar ciber acoso, ciber bullying, entre otros",Proteger información personal en linea,Proteger información personal en linea,Proteger información personal en linea,Proteger información personal en linea,Proteger información personal en linea,Proteger información personal en linea,"Evitar ciber acoso, ciber bullying, entre otros",Prevenir accesos de tus cuentas sin permiso,Proteger información personal en linea,Proteger información personal en linea,Proteger información personal en linea,"Evitar ciber acoso, ciber bullying, entre otros",Proteger información personal en linea,Prevenir accesos de tus cuentas sin permiso,Proteger información personal en linea,Proteger información personal en linea,Prevenir accesos de tus cuentas sin permiso,"Evitar ciber acoso, ciber bullying, entre otros",Proteger información personal en linea,Proteger información personal en linea,Prevenir accesos de tus cuentas sin permiso,Prevenir accesos de tus cuentas sin permiso,Proteger información personal en linea,Proteger información personal en linea,Proteger información personal en linea,Proteger información personal en linea,Prevenir accesos de tus cuentas sin permiso,Proteger información personal en linea,"Evitar ciber acoso, ciber bullying, entre otros",Proteger información personal en linea,Proteger información personal en linea,Proteger información personal en linea,Proteger información personal en linea,Proteger información personal en linea,"Evitar ciber acoso, ciber bullying, entre otros",Proteger información personal en linea,Proteger información personal en linea,Prevenir accesos de tus cuentas sin permiso,Proteger información personal en linea,Proteger información personal en linea,Proteger información personal en linea,"Evitar ciber acoso, ciber bullying, entre otros",Proteger información personal en linea,Proteger información personal en linea,Prevenir accesos de tus cuentas sin permiso,Prevenir accesos de tus cuentas sin permiso,Prevenir accesos de tus cuentas sin permiso,Proteger información personal en linea,"Evitar ciber acoso, ciber bullying, entre otros",Proteger información personal en linea,Proteger información personal en linea,"Evitar ciber acoso, ciber bullying, entre otros",Proteger información personal en linea,Proteger información personal en linea,Proteger información personal en linea,Proteger información personal en linea,Proteger información personal en linea,Proteger información personal en linea,Proteger información personal en linea,Proteger información personal en linea,Proteger información personal en linea,"Evitar ciber acoso, ciber bullying, entre otros",Proteger información personal en linea,Prevenir accesos de tus cuentas sin permiso,Proteger información personal en linea,Proteger información personal en linea,Proteger información personal en linea,Proteger información personal en linea,Proteger información personal en linea,Proteger información personal en linea,Proteger información personal en linea,Proteger información personal en linea,Proteger información personal en linea,Proteger información personal en linea,Prevenir accesos de tus cuentas sin permiso,Prevenir accesos de tus cuentas sin permiso,Proteger información personal en linea,Prevenir accesos de tus cuentas sin permiso,Proteger información personal en linea,Proteger información personal en linea,Proteger información personal en linea,Proteger información personal en linea
¿Para qué usas el internet?,Streaming,Redes Sociales,Redes Sociales,Redes Sociales,Redes Sociales,Redes Sociales,Redes Sociales,Redes Sociales,Redes Sociales,Redes Sociales,Redes Sociales,Redes Sociales,Redes Sociales,Redes Sociales,Redes Sociales,Redes Sociales,Redes Sociales,Redes Sociales,Redes Sociales,Redes Sociales,Redes Sociales,Redes Sociales,Redes Sociales,Redes Sociales,Plataformas educativas,Redes Sociales,Redes Sociales,Redes Sociales,Redes Sociales,Redes Sociales,Redes Sociales,Redes Sociales,Redes Sociales,Redes Sociales,Redes Sociales,Redes Sociales,Redes Sociales,Redes Sociales,Redes Sociales,Redes Sociales,Redes Sociales,Redes Sociales,Redes Sociales,Redes Sociales,Redes Sociales,Redes Sociales,Redes Sociales,Redes Sociales,Redes Sociales,Redes Sociales,Redes Sociales,Redes Sociales,Redes Sociales,Redes Sociales,Redes Sociales,Redes Sociales,Redes Sociales,Redes Sociales,Redes Sociales,Redes Sociales,Redes Sociales,Redes Sociales,Redes Sociales,Redes Sociales,Redes Sociales,Redes Sociales,Redes Sociales,Redes Sociales,Redes Sociales,Redes Sociales,Redes Sociales,Redes Sociales,Redes Sociales,Redes Sociales,Redes Sociales,Redes Sociales,Redes Sociales,Otro,Redes Sociales,Redes Sociales,Redes Sociales,Redes Sociales,Redes Sociales,Redes Sociales,Redes Sociales,Redes Sociales,Redes Sociales,Redes Sociales,Redes Sociales,Redes Sociales,Redes Sociales,Redes Sociales,Redes Sociales,Redes Sociales,Redes Sociales
,,,Streaming,Streaming,Streaming,Streaming,Streaming,Otro,,Plataformas educativas,Streaming,,Plataformas educativas,Streaming,Plataformas educativas,Streaming,Streaming,Streaming,Videojuegos,Streaming,,,Plataformas educativas,Streaming,,Streaming,Videojuegos,Videojuegos,,Plataformas educativas,,Streaming,Streaming,,Streaming,Otro,Plataformas educativas,Streaming,Streaming,Plataformas educativas,Streaming,Streaming,Videojuegos,Streaming,Streaming,,Streaming,Streaming,Streaming,Streaming,Streaming,Streaming,Streaming,Videojuegos,Streaming,Plataformas educativas,Plataformas educativas,Streaming,Streaming,Streaming,Plataformas educativas,Plataformas educativas,Videojuegos,Streaming,Streaming,Plataformas educativas,Streaming,Streaming,Streaming,Plataformas educativas,Plataformas educativas,Plataformas educativas,Plataformas educativas,Plataformas educativas,Streaming,Videojuegos,,,Streaming,Videojuegos,Streaming,,Streaming,Otro,Streaming,Streaming,Plataformas educativas,Videojuegos,Streaming,Plataformas educativas,Streaming,Streaming,Streaming,Streaming,Streaming
,,,Plataformas educativas,,Videojuegos,Plataformas educativas,Videojuegos,,,,,,,Videojuegos,Otro,Plataformas educativas,Videojuegos,Otro,Plataformas educativas,Plataformas educativas,,,Otro,Plataformas educativas,,Videojuegos,Plataformas educativas,,,Otro,,Plataformas educativas,Plataformas educativas,,Plataformas educativas,,,Videojuegos,Plataformas educativas,,,Plataformas educativas,Plataformas educativas,Plataformas educativas,Plataformas educativas,,Plataformas educativas,Plataformas educativas,Videojuegos,Plataformas educativas,Videojuegos,Videojuegos,Videojuegos,Plataformas educativas,Plataformas educativas,,,Videojuegos,Videojuegos,Plataformas educativas,Otro,,Plataformas educativas,Plataformas educativas,Plataformas educativas,,Videojuegos,Plataformas educativas,Plataformas educativas,Otro,Otro,,Otro,,Plataformas educativas,Plataformas educativas,,,Videojuegos,Plataformas educativas,,,Plataformas educativas,,Otro,Videojuegos,,Plataformas educativas,Videojuegos,,Plataformas educativas,Plataformas educativas,Plataformas educativas,Videojuegos,Plataformas educativas
,,,Otro,,Plataformas educativas,,Otro,,,,,,,Plataformas educativas,,,Plataformas educativas,,,,,,,Otro,,Plataformas educativas,,,,,,Otro,,,,,,Plataformas educativas,,,,,,,,,Otro,,Otro,,Plataformas educativas,,Plataformas educativas,Otro,,,,Plataformas educativas,Plataformas educativas,,,,,Otro,,,Plataformas educativas,,,,,,,,,,,,,,,,,,,Plataformas educativas,,,Plataformas educativas,,Otro,Otro,Otro,Plataformas educativas,Otro
,,,,,,,,,,,,,,Otro,,,Otro,,,,,,,,,Otro,,,,,,,,,,,,Otro,,,,,,,,,,,,,Otro,,,,,,,,,,,,,,,,,,,,,,,,,,,,,,,,,,,,,,,,,,,,
Selecciona las redes sociales que utilizas en tu día a día,Instagram,Facebook,Facebook,Facebook,Instagram,Facebook,Instagram,Facebook,Instagram,Facebook,Facebook,Instagram,Facebook,Facebook,Facebook,Facebook,Facebook,Facebook,Twitter,Facebook,Instagram,Facebook,Instagram,Facebook,Facebook,Facebook,Facebook,Instagram,Instagram,Facebook,Facebook,Facebook,Instagram,Instagram,Facebook,Instagram,Instagram,Facebook,Facebook,Facebook,Facebook,Instagram,Facebook,Facebook,Facebook,Facebook,Facebook,Facebook,Facebook,Facebook,Twitter,Instagram,Facebook,Facebook,Facebook,Facebook,Facebook,Facebook,Facebook,Facebook,Instagram,Facebook,Facebook,Instagram,Facebook,Facebook,Facebook,Facebook,Instagram,Facebook,Facebook,Instagram,Facebook,Instagram,Facebook,Instagram,Facebook,Facebook,Instagram,Facebook,Instagram,Facebook,Instagram,Instagram,Instagram,Facebook,Facebook,Instagram,Facebook,Facebook,Facebook,Instagram,Facebook,Facebook,Facebook
,,Instagram,Instagram,Instagram,Twitter,Instagram,TikTok,Instagram,,TikTok,Instagram,Otro,Instagram,Otro,Instagram,Instagram,Instagram,Instagram,TikTok,Instagram,Twitter,Instagram,Otro,Instagram,Instagram,Instagram,Instagram,Twitter,,Instagram,Instagram,Instagram,Twitter,TikTok,Instagram,,,Instagram,Instagram,Instagram,Instagram,TikTok,Instagram,Instagram,Instagram,Instagram,Instagram,,Instagram,Instagram,,Twitter,Instagram,Instagram,Instagram,Instagram,Instagram,Instagram,Instagram,Instagram,Twitter,Instagram,Instagram,Twitter,Instagram,Instagram,Instagram,Instagram,Twitter,Instagram,Instagram,Twitter,Instagram,,Instagram,Twitter,Instagram,Instagram,Twitter,Instagram,TikTok,Instagram,TikTok,TikTok,,Instagram,Instagram,Twitter,Instagram,Instagram,Instagram,Twitter,Instagram,Instagram,Instagram
,,Twitter,Twitter,Twitter,,Twitter,Otro,,,,Twitter,,Twitter,,Otro,TikTok,Twitter,Twitter,,Twitter,,TikTok,,,TikTok,TikTok,TikTok,Otro,,,,Twitter,TikTok,Snapchat,Twitter,,,TikTok,Twitter,Twitter,Twitter,,,Twitter,Twitter,Twitter,Twitter,,Twitter,Twitter,,,Twitter,Twitter,Twitter,Twitter,Twitter,,Twitter,,TikTok,Twitter,,Otro,Twitter,TikTok,Twitter,,Snapchat,Twitter,TikTok,,Twitter,,Twitter,TikTok,Twitter,Twitter,,,Snapchat,Twitter,,Snapchat,,Twitter,Twitter,TikTok,Twitter,Snapchat,Twitter,TikTok,,Twitter,Twitter
,,,,TikTok,,TikTok,,,,,,,,,,,,,,TikTok,,,,,,,,,,,,TikTok,,,TikTok,,,,TikTok,TikTok,TikTok,,,TikTok,TikTok,,,,,,,,TikTok,,TikTok,TikTok,TikTok,,TikTok,,,TikTok,,,Otro,,,,,TikTok,Otro,,,,,,,,,,,,,,,,,,TikTok,,TikTok,,,TikTok,
,,,,,,,,,,,,,,,,,,,,,,,,,,,,,,,,,,,,,,,,,,,,,,,,,,,,,,,Snapchat,Otro,Otro,,,,,Otro,,,,,,,,,,,,,,,,,,,,,,,,,,,,,Snapchat,,,Snapchat,
Selecciona las plataformas de streaming que utilizas en tu día a día,Claro Video,Netflix,Netflix,Netflix,Netflix,Netflix,Netflix,Ninguna,Netflix,Netflix,Netflix,Netflix,Netflix,Otro,Netflix,Netflix,Netflix,Netflix,Ninguna,Netflix,Netflix,Netflix,Netflix,Netflix,Netflix,Netflix,Netflix,Netflix,Netflix,Netflix,Netflix,Netflix,Netflix,Netflix,Netflix,Netflix,Netflix,Netflix,Netflix,Netflix,Netflix,Netflix,Netflix,Netflix,Netflix,Netflix,Netflix,Netflix,Netflix,Netflix,Netflix,Netflix,Ninguna,Netflix,Netflix,Netflix,Netflix,Netflix,Ninguna,Netflix,Netflix,Netflix,Ninguna,Netflix,Netflix,Netflix,Netflix,Netflix,Netflix,Netflix,Netflix,Netflix,Netflix,Netflix,Netflix,Netflix,Netflix,Netflix,Netflix,Netflix,Netflix,Netflix,Netflix,Netflix,Netflix,Netflix,Netflix,Otro,Netflix,Netflix,Netflix,Netflix,Netflix,Netflix,Netflix
,,Amazon Prime,Amazon Prime,Amazon Prime,Amazon Prime,Blim,Amazon Prime,,Amazon Prime,,,,,,Otro,Amazon Prime,Amazon Prime,Amazon Prime,,Amazon Prime,Amazon Prime,HBO Max,HBO Max,Amazon Prime,Amazon Prime,Amazon Prime,Amazon Prime,,Amazon Prime,Amazon Prime,Amazon Prime,Amazon Prime,Amazon Prime,Ninguna,Amazon Prime,HBO Max,Amazon Prime,Amazon Prime,,Amazon Prime,,Amazon Prime,Amazon Prime,Amazon Prime,Amazon Prime,Amazon Prime,Amazon Prime,HBO Max,Amazon Prime,Amazon Prime,HBO Max,Amazon Prime,,Otro,Amazon Prime,HBO Max,Amazon Prime,Amazon Prime,,,,Amazon Prime,,Amazon Prime,Amazon Prime,Amazon Prime,Amazon Prime,HBO Max,Amazon Prime,Amazon Prime,Amazon Prime,Disney +,HBO Max,Amazon Prime,Amazon Prime,,Amazon Prime,Disney +,Amazon Prime,Disney +,Disney +,Amazon Prime,Amazon Prime,Disney +,,Amazon Prime,Amazon Prime,,Amazon Prime,Amazon Prime,Amazon Prime,Amazon Prime,Amazon Prime,Amazon Prime,Amazon Prime
,,Claro Video,Disney +,HBO Max,Disney +,,HBO Max,,HBO Max,,,,,,,HBO Max,HBO Max,HBO Max,,HBO Max,,,,HBO Max,,HBO Max,HBO Max,,,Claro Video,HBO Max,Blim,HBO Max,,HBO Max,Disney +,Disney +,Claro Video,,Claro Video,,HBO Max,HBO Max,Disney +,HBO Max,,Disney +,Disney +,HBO Max,,,HBO Max,,,Disney +,,Blim,Disney +,,,,Claro Video,,HBO Max,HBO Max,HBO Max,HBO Max,,,HBO Max,HBO Max,,,Disney +,,,HBO Max,,HBO Max,,Otro,HBO Max,HBO Max,,,,HBO Max,,Disney +,Disney +,HBO Max,HBO Max,Blim,Claro Video,HBO Max
,,HBO Max,,,,,Disney +,,,,,,,,,Disney +,Disney +,Otro,,Disney +,,,,Disney +,,Disney +,,,,Blim,Disney +,HBO Max,Disney +,,,,,,,HBO Max,,Disney +,Disney +,,Disney +,,,,Disney +,,,Otro,,,Otro,,HBO Max,,,,,HBO Max,,Disney +,Disney +,Disney +,Disney +,,,,Disney +,,,,,,Disney +,,Disney +,,,Disney +,Disney +,,,,Disney +,,Otro,,Disney +,,HBO Max,Blim,
,,,,,,,,,,,,,,,,,Otro,,,,,,,,,,,,,HBO Max,,,,,,,,,,Disney +,,,,,,,,,,,,,,,,,Disney +,,,,,,,Otro,,,,,,,,,,,,,,,,,,Otro,,,,,,,,,Otro,,Disney +,HBO Max,
,,,,,,,,,,,,,,,,,,,,,,,,,,,,,,Disney +,,,,,,,,,,,,,,,,,,,,,,,,,,,Otro,,,,,,,,,,,,,,,,,,,,,,,,,,,,,,,,,,,,,Disney +,
,,,,,,,,,,,,,,,,,,,,,,,,,,,,,,Otro,,,,,,,,,,,,,,,,,,,,,,,,,,,,,,,,,,,,,,,,,,,,,,,,,,,,,,,,,,,,,,,,,
¿Cuántas horas en promedio pasas en plataformas de streaming al día? ,3-4 horas,Menos de 1 hora,Menos de 1 hora,1-2 horas,Más de 4 horas,1-2 horas,Más de 4 horas,Menos de 1 hora,1-2 horas,3-4 horas,3-4 horas,1-2 horas,1-2 horas,Más de 4 horas,Más de 4 horas,3-4 horas,1-2 horas,Menos de 1 hora,Menos de 1 hora,1-2 horas,1-2 horas,Menos de 1 hora,1-2 horas,Menos de 1 hora,Menos de 1 hora,1-2 horas,Más de 4 horas,1-2 horas,Menos de 1 hora,1-2 horas,Menos de 1 hora,3-4 horas,3-4 horas,Menos de 1 hora,1-2 horas,Menos de 1 hora,1-2 horas,3-4 horas,Menos de 1 hora,3-4 horas,Menos de 1 hora,3-4 horas,1-2 horas,Menos de 1 hora,1-2 horas,1-2 horas,3-4 horas,1-2 horas,1-2 horas,Menos de 1 hora,1-2 horas,1-2 horas,Menos de 1 hora,1-2 horas,1-2 horas,Más de 4 horas,1-2 horas,1-2 horas,Menos de 1 hora,Menos de 1 hora,Menos de 1 hora,3-4 horas,Menos de 1 hora,1-2 horas,Menos de 1 hora,1-2 horas,1-2 horas,1-2 horas,Menos de 1 hora,1-2 horas,3-4 horas,Menos de 1 hora,Menos de 1 hora,Menos de 1 hora,Menos de 1 hora,Menos de 1 hora,1-2 horas,Más de 4 horas,3-4 horas,1-2 horas,3-4 horas,1-2 horas,1-2 horas,1-2 horas,Menos de 1 hora,1-2 horas,3-4 horas,Menos de 1 hora,1-2 horas,1-2 horas,1-2 horas,1-2 horas,Menos de 1 hora,1-2 horas,Menos de 1 hora
Selecciona la plataforma de videojuegos que más utilizas,Xbox,Ninguna,Ninguna,Ninguna,Nintendo,Ninguna,Play Station,Ninguna,Play Station,Nintendo,Ninguna,Nintendo,Ninguna,PC,Ninguna,Xbox,Xbox,Ninguna,PC,PC,Xbox,Nintendo,Xbox,Ninguna,Ninguna,Xbox,Xbox,PC,Ninguna,Play Station,Ninguna,Ninguna,Xbox,Nintendo,Ninguna,Ninguna,Nintendo,Ninguna,Ninguna,Ninguna,Ninguna,Ninguna,Play Station,Ninguna,Ninguna,Nintendo,PC,Ninguna,Xbox,Xbox,Xbox,Play Station,Play Station,Play Station,Nintendo,Ninguna,Ninguna,Play Station,Xbox,Nintendo,Ninguna,Xbox,PC,Ninguna,Ninguna,Ninguna,Nintendo,Xbox,Xbox,Xbox,Nintendo,Ninguna,Xbox,Ninguna,Ninguna,Nintendo,Xbox,Otro,Xbox,Nintendo,Ninguna,Nintendo,Nintendo,Ninguna,Nintendo,PC,Ninguna,PC,PC,Ninguna,Ninguna,Xbox,Nintendo,Play Station,Ninguna
Selecciona las plataformas educativas que utilizas en tu día a día,Coursera,Ninguna,Coursera,Coursera,Otro,Khan Academy,Ninguna,Ninguna,Coursera,Otro,Ninguna,Ninguna,Otro,Otro,Otro,Otro,Ninguna,Ninguna,"Coursera, Chegg, Otro",Otro,Chegg,Ninguna,Coursera,Coursera,Otro,"Coursera, Otro",Coursera,Ninguna,Ninguna,Ninguna,Chegg,"Coursera, Otro","Coursera, Otro","Chegg, Otro",Ninguna,"Coursera, Otro",Otro,Ninguna,"Khan Academy, Coursera, Otro",Otro,Ninguna,Coursera,Chegg,Otro,Otro,Ninguna,Ninguna,Otro,Chegg,Coursera,"Khan Academy, Coursera, Otro",Ninguna,Otro,Otro,Otro,"Chegg, Otro",Otro,Coursera,Otro,"Khan Academy, Coursera","Coursera, Otro",Coursera,"Khan Academy, Otro",Coursera,Ninguna,Khan Academy,Coursera,Otro,Khan Academy,Chegg,"Chegg, Otro",Ninguna,Coursera,Ninguna,Otro,"Khan Academy, Coursera, Otro",Ninguna,Otro,Ninguna,Coursera,Otro,Otro,Khan Academy,Ninguna,Khan Academy,Coursera,Ninguna,"Khan Academy, Coursera","Khan Academy, Coursera, Chegg, Otro",Ninguna,"Khan Academy, Otro",Ninguna,Otro,Otro,Otro
¿Dónde consideras que existe mayor riesgo de amenazas y/o ciber ataques?,Aplicaciones,Navegación web,Redes sociales,Redes sociales,Redes sociales,Navegación web,E-mail,Navegación web,Navegación web,Navegación web,Redes sociales,Navegación web,Navegación web,Redes sociales,Redes sociales,Redes sociales,Smartphone,Navegación web,Redes sociales,Redes sociales,E-mail,Redes sociales,Redes sociales,Redes sociales,Redes sociales,Navegación web,Navegación web,Navegación web,Navegación web,Navegación web,Redes sociales,Redes sociales,Redes sociales,Redes sociales,Redes sociales,Navegación web,Navegación web,E-mail,Redes sociales,Redes sociales,Navegación web,Redes sociales,E-mail,Redes sociales,Redes sociales,Redes sociales,Redes sociales,Redes sociales,Redes sociales,Navegación web,Navegación web,Navegación web,Redes sociales,E-mail,Navegación web,Redes sociales,Redes sociales,Navegación web,E-mail,Redes sociales,Navegación web,E-mail,Navegación web,Aplicaciones,Redes sociales,Smartphone,Redes sociales,Navegación web,Redes sociales,Redes sociales,Aplicaciones,Redes sociales,Smartphone,Smartphone,Redes sociales,Redes sociales,Redes sociales,Redes sociales,Redes sociales,Navegación web,Redes sociales,Aplicaciones,Redes sociales,Navegación web,Redes sociales,Redes sociales,Redes sociales,E-mail,Navegación web,Navegación web,Navegación web,E-mail,Navegación web,Navegación web,Smartphone
¿Alguna vez has sido víctima de alguna amenaza cibernética? ,No,No,No,No,Sí,Sí,No,No,No,Sí,No,No,No,No,No,No,No,Sí,No,Sí,Sí,No,No,No,No,No,Sí,Sí,No,No,No,Sí,No,No,No,No,No,No,No,Sí,No,No,Sí,No,No,No,No,No,Sí,No,No,No,Sí,Sí,No,No,No,Sí,Sí,No,No,No,No,No,No,No,No,No,Sí,No,No,No,No,No,No,No,Sí,No,No,No,No,No,No,No,No,No,No,Sí,Sí,No,No,No,No,No,No
¿Cuántas horas en promedio pasas en redes sociales al día? ,Entre 1 y 2 horas,Entre 1 y 2 horas,Menos de 1 hora,Entre 3 y 4 horas,Entre 3 y 4 horas,Entre 3 y 4 horas,Entre 3 y 4 horas,Entre 1 y 2 horas,Entre 1 y 2 horas,Entre 1 y 2 horas,Entre 1 y 2 horas,Entre 1 y 2 horas,Entre 1 y 2 horas,Entre 1 y 2 horas,Entre 3 y 4 horas,Entre 1 y 2 horas,Entre 3 y 4 horas,Menos de 1 hora,Entre 1 y 2 horas,Entre 3 y 4 horas,Entre 1 y 2 horas,Entre 1 y 2 horas,Entre 3 y 4 horas,Entre 3 y 4 horas,Entre 1 y 2 horas,Entre 1 y 2 horas,Más de 4 horas,Entre 1 y 2 horas,Entre 1 y 2 horas,Entre 1 y 2 horas,Entre 3 y 4 horas,Entre 3 y 4 horas,Entre 1 y 2 horas,Más de 4 horas,Entre 3 y 4 horas,Entre 1 y 2 horas,Entre 3 y 4 horas,Entre 3 y 4 horas,Entre 1 y 2 horas,Más de 4 horas,Entre 3 y 4 horas,Entre 3 y 4 horas,Entre 1 y 2 horas,Entre 3 y 4 horas,Entre 3 y 4 horas,Entre 3 y 4 horas,Más de 4 horas,Entre 1 y 2 horas,Entre 1 y 2 horas,Entre 3 y 4 horas,Menos de 1 hora,Menos de 1 hora,Más de 4 horas,Entre 1 y 2 horas,Entre 3 y 4 horas,Más de 4 horas,Más de 4 horas,Entre 1 y 2 horas,Más de 4 horas,Entre 3 y 4 horas,Entre 1 y 2 horas,Entre 3 y 4 horas,Entre 3 y 4 horas,Entre 3 y 4 horas,Entre 3 y 4 horas,Entre 3 y 4 horas,Menos de 1 hora,Entre 1 y 2 horas,Entre 1 y 2 horas,Entre 3 y 4 horas,Entre 3 y 4 horas,Más de 4 horas,Entre 1 y 2 horas,Entre 3 y 4 horas,Entre 1 y 2 horas,Entre 1 y 2 horas,Más de 4 horas,Más de 4 horas,Entre 3 y 4 horas,Menos de 1 hora,Entre 1 y 2 horas,Menos de 1 hora,Entre 3 y 4 horas,Entre 3 y 4 horas,Menos de 1 hora,Más de 4 horas,Más de 4 horas,Entre 3 y 4 horas,Entre 1 y 2 horas,Más de 4 horas,Entre 3 y 4 horas,Entre 3 y 4 horas,Menos de 1 hora,Entre 1 y 2 horas,Más de 4 horas
¿Usas las redes sociales como apoyo en tus estudios universitarios? ,Sí,Sí,No,No,Sí,Sí,No,Sí,No,Sí,No,Sí,Sí,No,No,Sí,Sí,Sí,Sí,Sí,Sí,No,Sí,No,No,Sí,Sí,No,No,No,Sí,Sí,Sí,Sí,Sí,Sí,Sí,No,Sí,Sí,Sí,Sí,No,Sí,Sí,Sí,Sí,Sí,No,No,Sí,No,Sí,No,Sí,No,Sí,No,Sí,Sí,Sí,Sí,Sí,No,Sí,No,No,Sí,No,Sí,No,Sí,Sí,Sí,No,No,No,Sí,Sí,No,Sí,No,Sí,Sí,No,Sí,Sí,Sí,Sí,Sí,Sí,Sí,No,Sí,Sí
 ¿Qué páginas usas para tus estudios? ,"Noticieros/periódicos, Revistas científicas o similares",Tutoriales o crash courses,,,"Tutoriales o crash courses, Una página de un profesionista influyente en tu área","Noticieros/periódicos, Revistas científicas o similares",,Otro,,"Noticieros/periódicos, Revistas científicas o similares, Otro",,"Noticieros/periódicos, Tutoriales o crash courses",Tutoriales o crash courses,,,"Revistas científicas o similares, Una página de un profesionista influyente en tu área","Revistas científicas o similares, Otro","Noticieros/periódicos, Tutoriales o crash courses, Revistas científicas o similares","Noticieros/periódicos, Tutoriales o crash courses, Revistas científicas o similares, Una página de un profesionista influyente en tu área",Noticieros/periódicos,"Noticieros/periódicos, Tutoriales o crash courses",,"Noticieros/periódicos, Tutoriales o crash courses, Revistas científicas o similares",,,Una página de un profesionista influyente en tu área,"Una página de un profesionista influyente en tu área, Otro",,,,Revistas científicas o similares,"Noticieros/periódicos, Tutoriales o crash courses, Una página de un profesionista influyente en tu área, Otro","Noticieros/periódicos, Revistas científicas o similares, Una página de un profesionista influyente en tu área","Revistas científicas o similares, Una página de un profesionista influyente en tu área","Noticieros/periódicos, Revistas científicas o similares, Una página de un profesionista influyente en tu área",Una página de un profesionista influyente en tu área,"Noticieros/periódicos, Revistas científicas o similares, Una página de un profesionista influyente en tu área",,"Noticieros/periódicos, Tutoriales o crash courses","Noticieros/periódicos, Revistas científicas o similares",Tutoriales o crash courses,"Tutoriales o crash courses, Revistas científicas o similares",,"Noticieros/periódicos, Tutoriales o crash courses, Revistas científicas o similares","Noticieros/periódicos, Revistas científicas o similares, Una página de un profesionista influyente en tu área",Una página de un profesionista influyente en tu área,Una página de un profesionista influyente en tu área,Tutoriales o crash courses,,,"Noticieros/periódicos, Tutoriales o crash courses, Revistas científicas o similares, Una página de un profesionista influyente en tu área, Otro",,Noticieros/periódicos,,"Noticieros/periódicos, Tutoriales o crash courses, Revistas científicas o similares, Una página de un profesionista influyente en tu área",,Una página de un profesionista influyente en tu área,,Noticieros/periódicos,"Tutoriales o crash courses, Revistas científicas o similares","Noticieros/periódicos, Tutoriales o crash courses","Tutoriales o crash courses, Otro","Tutoriales o crash courses, Una página de un profesionista influyente en tu área",,"Noticieros/periódicos, Revistas científicas o similares, Una página de un profesionista influyente en tu área",,,Otro,,Tutoriales o crash courses,,"Noticieros/periódicos, Tutoriales o crash courses, Revistas científicas o similares, Una página de un profesionista influyente en tu área","Tutoriales o crash courses, Revistas científicas o similares","Noticieros/periódicos, Tutoriales o crash courses, Revistas científicas o similares",,,,Revistas científicas o similares,"Noticieros/periódicos, Revistas científicas o similares, Una página de un profesionista influyente en tu área",,"Tutoriales o crash courses, Una página de un profesionista influyente en tu área",,"Tutoriales o crash courses, Revistas científicas o similares","Tutoriales o crash courses, Una página de un profesionista influyente en tu área",,"Noticieros/periódicos, Tutoriales o crash courses, Revistas científicas o similares, Una página de un profesionista influyente en tu área",Revistas científicas o similares,"Tutoriales o crash courses, Una página de un profesionista influyente en tu área, Otro","Tutoriales o crash courses, Revistas científicas o similares, Una página de un profesionista influyente en tu área","Noticieros/periódicos, Una página de un profesionista influyente en tu área","Noticieros/periódicos, Tutoriales o crash courses, Revistas científicas o similares, Una página de un profesionista influyente en tu área",Revistas científicas o similares,,"Noticieros/periódicos, Una página de un profesionista influyente en tu área","Noticieros/periódicos, Tutoriales o crash courses, Una página de un profesionista influyente en tu área"
¿Cuál crees que es el mayor beneficio de las redes sociales en tus estudios ?,Comunicación entre profesores y estudiantes,Comunicación entre profesores y estudiantes,,,Descarga de documentos,Comunicación entre profesores y estudiantes,,Descarga de documentos,,Descarga de documentos,,Videos,Comunicación entre profesores y estudiantes,,,Comunicación entre profesores y estudiantes,Descarga de documentos,Comunicación entre profesores y estudiantes,Descarga de documentos,Videos,Descarga de documentos,,Videos,,,Colaboración de proyectos,Colaboración de proyectos,,,,Videos,Videos,Comunicación entre profesores y estudiantes,Colaboración de proyectos,Descarga de documentos,Colaboración de proyectos,Videos,,Videos,Descarga de documentos,Descarga de documentos,Videos,,Colaboración de proyectos,Colaboración de proyectos,Colaboración de proyectos,Videos,Colaboración de proyectos,,,Descarga de documentos,,Comunicación entre profesores y estudiantes,,Otro,,Descarga de documentos,,Colaboración de proyectos,Comunicación entre profesores y estudiantes,Colaboración de proyectos,Comunicación entre profesores y estudiantes,Comunicación entre profesores y estudiantes,,Colaboración de proyectos,,,Colaboración de proyectos,,Videos,,Otro,Colaboración de proyectos,Comunicación entre profesores y estudiantes,,,,Comunicación entre profesores y estudiantes,Comunicación entre profesores y estudiantes,,Colaboración de proyectos,,Descarga de documentos,Videos,,Colaboración de proyectos,Comunicación entre profesores y estudiantes,Colaboración de proyectos,Videos,Comunicación entre profesores y estudiantes,Colaboración de proyectos,Colaboración de proyectos,,Colaboración de proyectos,Colaboración de proyectos
¿Qué tan familiarizado estas con las amenazas cibernéticas? ,Muy poco,Regular,Regular,Regular,Regular,Algo,Regular,Regular,Algo,Algo,Regular,Muy poco,Muy poco,Algo,Regular,Regular,Muy poco,Regular,Regular,Muy poco,Regular,Regular,Algo,Muy poco,Nada,Algo,Algo,Algo,Muy poco,Algo,Muy poco,Mucho,Regular,Nada,Regular,Muy poco,Muy poco,Mucho,Regular,Regular,Algo,Regular,Algo,Regular,Muy poco,Regular,Muy poco,Muy poco,Algo,Algo,Regular,Regular,Mucho,Regular,Algo,Algo,Muy poco,Algo,Algo,Regular,Muy poco,Muy poco,Algo,Regular,Muy poco,Nada,Regular,Regular,Regular,Regular,Algo,Regular,Muy poco,Regular,Nada,Regular,Muy poco,Nada,Regular,Regular,Muy poco,Algo,Algo,Muy poco,Regular,Muy poco,Nada,Muy poco,Mucho,Muy poco,Algo,Muy poco,Regular,Algo,Muy poco
¿Cuál crees que es la mayor amenaza para ti cuando te conectas?,Intimidación o acoso por parte de amigos o conocidos,Que alguien use tus fotos de manera inapropiada,Que alguien use tus fotos de manera inapropiada,Otro,Avances sexuales no deseados por redes sociales,Otro,Avances sexuales no deseados por redes sociales,Otro,Otro,Intimidación o acoso por parte de amigos o conocidos,Otro,Otro,Avances sexuales no deseados por redes sociales,Otro,Que alguien use tus fotos de manera inapropiada,Avances sexuales no deseados por redes sociales,Que alguien use tus fotos de manera inapropiada,Otro,Otro,Que alguien use tus fotos de manera inapropiada,Avances sexuales no deseados por redes sociales,Que alguien use tus fotos de manera inapropiada,Otro,Que alguien use tus fotos de manera inapropiada,Que alguien use tus fotos de manera inapropiada,Otro,Que alguien use tus fotos de manera inapropiada,Otro,Otro,Intimidación o acoso por parte de amigos o conocidos,Avances sexuales no deseados por redes sociales,Otro,Intimidación o acoso por parte de amigos o conocidos,Intimidación o acoso por parte de amigos o conocidos,Que alguien use tus fotos de manera inapropiada,Otro,Que alguien use tus fotos de manera inapropiada,Intimidación o acoso por parte de amigos o conocidos,Avances sexuales no deseados por redes sociales,Intimidación o acoso por parte de amigos o conocidos,Otro,Avances sexuales no deseados por redes sociales,Otro,Otro,Que alguien use tus fotos de manera inapropiada,Intimidación o acoso por parte de amigos o conocidos,Que alguien use tus fotos de manera inapropiada,Avances sexuales no deseados por redes sociales,Otro,Otro,Que alguien use tus fotos de manera inapropiada,Que alguien use tus fotos de manera inapropiada,Otro,Otro,Que alguien use tus fotos de manera inapropiada,Que alguien use tus fotos de manera inapropiada,Que alguien use tus fotos de manera inapropiada,Que alguien use tus fotos de manera inapropiada,Otro,Que alguien use tus fotos de manera inapropiada,Que alguien use tus fotos de manera inapropiada,Que alguien use tus fotos de manera inapropiada,Otro,Otro,Que alguien use tus fotos de manera inapropiada,Que alguien use tus fotos de manera inapropiada,Otro,Otro,Intimidación o acoso por parte de amigos o conocidos,Avances sexuales no deseados por redes sociales,Que alguien use tus fotos de manera inapropiada,Que alguien use tus fotos de manera inapropiada,Intimidación o acoso por parte de amigos o conocidos,Que alguien use tus fotos de manera inapropiada,Otro,Que alguien use tus fotos de manera inapropiada,Avances sexuales no deseados por redes sociales,Avances sexuales no deseados por redes sociales,Otro,Que alguien use tus fotos de manera inapropiada,Que alguien use tus fotos de manera inapropiada,Que alguien use tus fotos de manera inapropiada,Otro,Otro,Que alguien use tus fotos de manera inapropiada,Intimidación o acoso por parte de amigos o conocidos,Que alguien use tus fotos de manera inapropiada,Que alguien use tus fotos de manera inapropiada,Que alguien use tus fotos de manera inapropiada,Que alguien use tus fotos de manera inapropiada,Avances sexuales no deseados por redes sociales,Que alguien use tus fotos de manera inapropiada,Avances sexuales no deseados por redes sociales,Que alguien use tus fotos de manera inapropiada,Que alguien use tus fotos de manera inapropiada
Señala si has recibido alguna de estas amenazas  cibernéticas:,"Ciber acoso, Phishing","Ciber acoso (Uso de medios digitales para molestar a alguna persona), Robo de identidad (Apropiación de la identidad de una persona), Spam (Correo basura digital)",Spam (Correo basura digital),Spam (Correo basura digital),"Ciber acoso (Uso de medios digitales para molestar a alguna persona), Spam (Correo basura digital)","Spam (Correo basura digital), Phishing (Engaño a una víctima para manipularla y hacer que realice acciones que no debería realizar), Spoofing (Un atacante se hace pasar por una entidad distinta a través de la falsificación de los datos en una comunicación)","Ciber bullying (Cuando una persona es molestada, amenazada, humillada, acosada, avergonzada o abusada), Spam (Correo basura digital)","Spam (Correo basura digital), Phishing (Engaño a una víctima para manipularla y hacer que realice acciones que no debería realizar), Spoofing (Un atacante se hace pasar por una entidad distinta a través de la falsificación de los datos en una comunicación)","Robo de identidad (Apropiación de la identidad de una persona), Spam (Correo basura digital), Spoofing (Un atacante se hace pasar por una entidad distinta a través de la falsificación de los datos en una comunicación)",Spam (Correo basura digital),"Ciber acoso (Uso de medios digitales para molestar a alguna persona), Spam (Correo basura digital), Spoofing (Un atacante se hace pasar por una entidad distinta a través de la falsificación de los datos en una comunicación)","Spam (Correo basura digital), Spoofing (Un atacante se hace pasar por una entidad distinta a través de la falsificación de los datos en una comunicación)",Spam (Correo basura digital),Spam (Correo basura digital),"Robo de identidad (Apropiación de la identidad de una persona), Spam (Correo basura digital), Phishing (Engaño a una víctima para manipularla y hacer que realice acciones que no debería realizar)",Spam (Correo basura digital),Spam (Correo basura digital),"Robo de identidad (Apropiación de la identidad de una persona), Spam (Correo basura digital), Phishing (Engaño a una víctima para manipularla y hacer que realice acciones que no debería realizar), Spoofing (Un atacante se hace pasar por una entidad distinta a través de la falsificación de los datos en una comunicación)","Ciber bullying (Cuando una persona es molestada, amenazada, humillada, acosada, avergonzada o abusada), Spam (Correo basura digital)","Robo de identidad (Apropiación de la identidad de una persona), Spoofing (Un atacante se hace pasar por una entidad distinta a través de la falsificación de los datos en una comunicación)","Ciber bullying (Cuando una persona es molestada, amenazada, humillada, acosada, avergonzada o abusada), Spam (Correo basura digital), Spoofing (Un atacante se hace pasar por una entidad distinta a través de la falsificación de los datos en una comunicación)","Spam (Correo basura digital), Phishing (Engaño a una víctima para manipularla y hacer que realice acciones que no debería realizar), Spoofing (Un atacante se hace pasar por una entidad distinta a través de la falsificación de los datos en una comunicación)","Spam (Correo basura digital), Phishing (Engaño a una víctima para manipularla y hacer que realice acciones que no debería realizar)",Spam (Correo basura digital),Spam (Correo basura digital),"Spam (Correo basura digital), Phishing (Engaño a una víctima para manipularla y hacer que realice acciones que no debería realizar), Spoofing (Un atacante se hace pasar por una entidad distinta a través de la falsificación de los datos en una comunicación)","Ciber acoso (Uso de medios digitales para molestar a alguna persona), Spam (Correo basura digital), Phishing (Engaño a una víctima para manipularla y hacer que realice acciones que no debería realizar)",Spam (Correo basura digital),Spam (Correo basura digital),"Spam (Correo basura digital), Phishing (Engaño a una víctima para manipularla y hacer que realice acciones que no debería realizar)","Robo de identidad (Apropiación de la identidad de una persona), Spam (Correo basura digital)","Spam (Correo basura digital), Phishing (Engaño a una víctima para manipularla y hacer que realice acciones que no debería realizar), Spoofing (Un atacante se hace pasar por una entidad distinta a través de la falsificación de los datos en una comunicación)","Spam (Correo basura digital), Phishing (Engaño a una víctima para manipularla y hacer que realice acciones que no debería realizar)",No aplica,"Ciber acoso (Uso de medios digitales para molestar a alguna persona), Spam (Correo basura digital)",No aplica,Spam (Correo basura digital),Spam (Correo basura digital),"Ciber bullying (Cuando una persona es molestada, amenazada, humillada, acosada, avergonzada o abusada)","Spam (Correo basura digital), Phishing (Engaño a una víctima para manipularla y hacer que realice acciones que no debería realizar)","Spam (Correo basura digital), Spoofing (Un atacante se hace pasar por una entidad distinta a través de la falsificación de los datos en una comunicación)",Spam (Correo basura digital),"Spam (Correo basura digital), Phishing (Engaño a una víctima para manipularla y hacer que realice acciones que no debería realizar), Spoofing (Un atacante se hace pasar por una entidad distinta a través de la falsificación de los datos en una comunicación)",No aplica,No aplica,Spam (Correo basura digital),Spam (Correo basura digital),"Ciber bullying (Cuando una persona es molestada, amenazada, humillada, acosada, avergonzada o abusada), Spam (Correo basura digital)","Robo de identidad (Apropiación de la identidad de una persona), Spam (Correo basura digital)","Ciber acoso (Uso de medios digitales para molestar a alguna persona), Spam (Correo basura digital), Phishing (Engaño a una víctima para manipularla y hacer que realice acciones que no debería realizar)","Spam (Correo basura digital), Spoofing (Un atacante se hace pasar por una entidad distinta a través de la falsificación de los datos en una comunicación)",Spam (Correo basura digital),"Spam (Correo basura digital), Phishing (Engaño a una víctima para manipularla y hacer que realice acciones que no debería realizar), Spoofing (Un atacante se hace pasar por una entidad distinta a través de la falsificación de los datos en una comunicación)",Spam (Correo basura digital),"Ciber acoso (Uso de medios digitales para molestar a alguna persona), Ciber bullying (Cuando una persona es molestada, amenazada, humillada, acosada, avergonzada o abusada), Robo de identidad (Apropiación de la identidad de una persona), Spam (Correo basura digital), Spoofing (Un atacante se hace pasar por una entidad distinta a través de la falsificación de los datos en una comunicación)",Robo de identidad (Apropiación de la identidad de una persona),Phishing (Engaño a una víctima para manipularla y hacer que realice acciones que no debería realizar),"Spam (Correo basura digital), Phishing (Engaño a una víctima para manipularla y hacer que realice acciones que no debería realizar), Spoofing (Un atacante se hace pasar por una entidad distinta a través de la falsificación de los datos en una comunicación)","Robo de identidad (Apropiación de la identidad de una persona), Spam (Correo basura digital), Spoofing (Un atacante se hace pasar por una entidad distinta a través de la falsificación de los datos en una comunicación)",Phishing (Engaño a una víctima para manipularla y hacer que realice acciones que no debería realizar),Spam (Correo basura digital),"Ciber bullying (Cuando una persona es molestada, amenazada, humillada, acosada, avergonzada o abusada), Spam (Correo basura digital)",No aplica,"Spam (Correo basura digital), Spoofing (Un atacante se hace pasar por una entidad distinta a través de la falsificación de los datos en una comunicación)",Spam (Correo basura digital),Spam (Correo basura digital),"Ciber acoso (Uso de medios digitales para molestar a alguna persona), Spam (Correo basura digital)",Spam (Correo basura digital),"Ciber acoso (Uso de medios digitales para molestar a alguna persona), Ciber bullying (Cuando una persona es molestada, amenazada, humillada, acosada, avergonzada o abusada), Robo de identidad (Apropiación de la identidad de una persona), Spam (Correo basura digital), Phishing (Engaño a una víctima para manipularla y hacer que realice acciones que no debería realizar)",No aplica,"Ciber bullying (Cuando una persona es molestada, amenazada, humillada, acosada, avergonzada o abusada)","Ciber bullying (Cuando una persona es molestada, amenazada, humillada, acosada, avergonzada o abusada), Spam (Correo basura digital)",Spam (Correo basura digital),"Robo de identidad (Apropiación de la identidad de una persona), Phishing (Engaño a una víctima para manipularla y hacer que realice acciones que no debería realizar), Spoofing (Un atacante se hace pasar por una entidad distinta a través de la falsificación de los datos en una comunicación)",Spam (Correo basura digital),"Ciber acoso (Uso de medios digitales para molestar a alguna persona), Spam (Correo basura digital), Spoofing (Un atacante se hace pasar por una entidad distinta a través de la falsificación de los datos en una comunicación)","Ciber acoso (Uso de medios digitales para molestar a alguna persona), Ciber bullying (Cuando una persona es molestada, amenazada, humillada, acosada, avergonzada o abusada), Robo de identidad (Apropiación de la identidad de una persona), Spoofing (Un atacante se hace pasar por una entidad distinta a través de la falsificación de los datos en una comunicación)","Robo de identidad (Apropiación de la identidad de una persona), Spam (Correo basura digital)",Spam (Correo basura digital),Spam (Correo basura digital),Spam (Correo basura digital),No aplica,No aplica,"Spam (Correo basura digital), Spoofing (Un atacante se hace pasar por una entidad distinta a través de la falsificación de los datos en una comunicación)","Ciber acoso (Uso de medios digitales para molestar a alguna persona), Ciber bullying (Cuando una persona es molestada, amenazada, humillada, acosada, avergonzada o abusada), Spam (Correo basura digital)","Ciber acoso (Uso de medios digitales para molestar a alguna persona), Ciber bullying (Cuando una persona es molestada, amenazada, humillada, acosada, avergonzada o abusada), Spam (Correo basura digital)",Spam (Correo basura digital),"Ciber acoso (Uso de medios digitales para molestar a alguna persona), Spam (Correo basura digital), Phishing (Engaño a una víctima para manipularla y hacer que realice acciones que no debería realizar), Spoofing (Un atacante se hace pasar por una entidad distinta a través de la falsificación de los datos en una comunicación)","Robo de identidad (Apropiación de la identidad de una persona), Phishing (Engaño a una víctima para manipularla y hacer que realice acciones que no debería realizar), Spoofing (Un atacante se hace pasar por una entidad distinta a través de la falsificación de los datos en una comunicación)",No aplica,"Robo de identidad (Apropiación de la identidad de una persona), Spam (Correo basura digital), Spoofing (Un atacante se hace pasar por una entidad distinta a través de la falsificación de los datos en una comunicación)",Spam (Correo basura digital),No aplica,Spam (Correo basura digital),Spam (Correo basura digital)
¿Alguna vez has agregado a una persona que no conocías en una red social o en alguna plataforma de videojuegos?,Sí,No,Sí,Sí,No,Sí,No,Sí,No,Sí,No,Sí,Sí,Sí,Sí,Sí,Sí,Sí,Sí,Sí,Sí,Sí,Sí,No,No,Sí,Sí,Sí,No,Sí,Sí,Sí,Sí,No,Sí,No,No,Sí,Sí,Sí,Sí,No,Sí,Sí,No,Sí,Sí,No,Sí,Sí,No,Sí,No,Sí,Sí,Sí,Sí,Sí,Sí,No,Sí,Sí,No,Sí,Sí,No,Sí,No,Sí,Sí,Sí,No,Sí,Sí,Sí,No,Sí,Sí,Sí,Sí,No,No,No,Sí,Sí,Sí,Sí,Sí,Sí,No,Sí,Sí,No,Sí,Sí
¿En dónde agregaste a una persona desconocida? Selecciona todas las opciones que apliquen.,Instagram,,"Facebook, Instagram, Twitter","Instagram, Twitter",,"Facebook, Instagram",,Facebook,,"Facebook, Twitter",,"Facebook, Instagram","Facebook, TikTok",Otro,"Facebook, Instagram","Facebook, Instagram","Facebook, Instagram, Twitter",Facebook,"Facebook, Instagram, TikTok","Facebook, Instagram",Instagram,"Facebook, Instagram",Facebook,,,"Facebook, Instagram","Facebook, Instagram, Otro",Otro,,Facebook,"Facebook, Instagram",Facebook,"Facebook, Instagram",,"Facebook, Instagram",,,"Facebook, Instagram, TikTok",Instagram,Instagram,Facebook,,Instagram,"Facebook, Instagram",,"Facebook, Instagram, Twitter, TikTok","Facebook, Instagram",,"Facebook, Instagram","Facebook, Otro",,"Facebook, Otro",,Facebook,"Facebook, Instagram, Twitter, TikTok","Facebook, Instagram, Twitter, TikTok","Facebook, Instagram, Otro","Facebook, Instagram, Otro","Facebook, Instagram",,Facebook,"Facebook, Instagram, Twitter",,"Facebook, Instagram, Twitter",Twitter,,Facebook,,Otro,"Facebook, Instagram","Facebook, Instagram, Twitter",,Facebook,"Facebook, Instagram, Twitter, Otro","Facebook, Instagram",,"Facebook, Instagram, Twitter",Facebook,Facebook,Otro,,,,"Facebook, Instagram","Facebook, Instagram","Instagram, Otro",Facebook,Otro,"Facebook, Instagram, Twitter, TikTok, Otro",,"Facebook, Instagram, Twitter, TikTok","Facebook, Instagram, TikTok",,"Facebook, Instagram, TikTok",Otro
¿A cuántas personas? ,1 a 3,,11 o más,1 a 3,,6 a 10,,11 o más,,11 o más,,11 o más,11 o más,1 a 3,11 o más,1 a 3,11 o más,1 a 3,4 a 6,11 o más,1 a 3,1 a 3,11 o más,,,11 o más,1 a 3,4 a 6,,6 a 10,11 o más,1 a 3,1 a 3,,1 a 3,,,11 o más,1 a 3,4 a 6,1 a 3,,4 a 6,4 a 6,,1 a 3,6 a 10,,6 a 10,1 a 3,,1 a 3,,1 a 3,11 o más,11 o más,11 o más,4 a 6,11 o más,,6 a 10,1 a 3,,11 o más,11 o más,,1 a 3,,11 o más,1 a 3,4 a 6,,1 a 3,6 a 10,11 o más,,11 o más,11 o más,1 a 3,4 a 6,,,,1 a 3,1 a 3,1 a 3,1 a 3,1 a 3,11 o más,,11 o más,11 o más,,11 o más,11 o más
¿Compartiste información sensibles con ellos?,Sí,,No,No,,No,,No,,No,,No,No,No,No,No,No,No,No,No,No,No,No,,,No,Sí,No,,No,No,No,No,,No,,,Sí,No,No,No,,No,No,,No,No,,No,No,,No,,No,Sí,No,No,No,No,,No,No,,No,No,,No,,Sí,No,No,,No,No,No,,No,No,No,No,,,,No,No,No,No,Sí,Sí,,No,No,,No,Sí
¿Fuiste víctima de alguna de estas opciones? ,"Negocio pirámide (Pyramid scheme), Estafa",,Negocio pirámide (Pyramid scheme),Ninguna,,Estafa,,Negocio pirámide (Pyramid scheme),,Ninguna,,Ninguna,Ninguna,Ninguna,Negocio pirámide (Pyramid scheme),Ninguna,Ninguna,Ninguna,Fraude,Estafa,Ninguna,Ninguna,Ninguna,,,"Extorsión, Negocio pirámide (Pyramid scheme)",Extorsión,Ninguna,,Ninguna,Ninguna,Ninguna,Ninguna,,Ninguna,,,Ninguna,Ninguna,Ninguna,Ninguna,,"Negocio pirámide (Pyramid scheme), Estafa, Fraude",Ninguna,,Ninguna,Extorsión,,Ninguna,Ninguna,,Ninguna,,Ninguna,Otra,Ninguna,Ninguna,Ninguna,Estafa,,"Otra, Ninguna",Otra,,Ninguna,Ninguna,,Negocio pirámide (Pyramid scheme),,Ninguna,Ninguna,Ninguna,,Ninguna,Ninguna,Ninguna,,"Extorsión, Negocio pirámide (Pyramid scheme)",Otra,Ninguna,Ninguna,,,,Estafa,Ninguna,Ninguna,Ninguna,Ninguna,"Extorsión, Negocio pirámide (Pyramid scheme), Estafa, Fraude",,Ninguna,Ninguna,,Ninguna,Ninguna
"¿Has recibido un mensaje directo sospechoso por redes sociales pidiéndote que le des click a un link, descargues un archivo o proporciones datos personales como datos bancarios?",Sí,Sí,Sí,No,Sí,Sí,Sí,Sí,Sí,Sí,No,Sí,Sí,No,Sí,No,No,Sí,No,Sí,Sí,Sí,Sí,No,No,No,Sí,Sí,Sí,Sí,No,Sí,Sí,No,No,Sí,Sí,Sí,Sí,Sí,Sí,No,Sí,Sí,No,Sí,Sí,Sí,Sí,No,Sí,Sí,Sí,Sí,Sí,Sí,Sí,Sí,Sí,Sí,Sí,Sí,Sí,Sí,No,Sí,Sí,Sí,Sí,Sí,No,Sí,No,Sí,No,Sí,Sí,Sí,No,No,Sí,No,No,No,Sí,Sí,No,Sí,Sí,No,Sí,No,Sí,Sí,Sí
¿Hiciste lo que se te pedía en el mensaje?,Sí,No,No,,No,No,Sí,No,No,No,,No,No,,No,,,No,,Sí,No,No,No,,,,No,Sí,No,No,,No,No,,,No,No,No,No,No,No,,No,No,,No,No,No,No,,No,No,No,No,No,No,No,No,No,No,No,No,No,No,,No,No,No,No,No,,No,,No,,No,No,Sí,,,No,,,,No,No,,No,No,,No,,No,No,No
¿Reportaste la cuenta?,Sí,No,Sí,,No,Sí,No,No,Sí,No,,No,Sí,,Sí,,,Sí,,Sí,Sí,Sí,Sí,,,,Sí,No,No,No,,Sí,Sí,,,Sí,No,No,No,Sí,Sí,,Sí,No,,Sí,No,Sí,No,,Sí,No,Sí,No,No,Sí,No,Sí,No,No,Sí,No,Sí,No,,Sí,No,No,Sí,Sí,,No,,Sí,,Sí,Sí,Sí,,,No,,,,Sí,Sí,,No,Sí,,Sí,,No,No,No
¿Lees los avisos de privacidad de las páginas en las que navegas? ,A veces,Nunca,A veces,Casi nunca,Casi siempre,A veces,Nunca,Nunca,Nunca,Nunca,Nunca,Casi nunca,Nunca,A veces,Casi siempre,Nunca,Casi nunca,A veces,Casi nunca,Nunca,Casi nunca,Casi nunca,Nunca,A veces,Nunca,Nunca,Casi nunca,Casi nunca,Casi nunca,A veces,Nunca,Casi nunca,Casi nunca,Nunca,Nunca,Casi nunca,A veces,Casi nunca,Nunca,Casi nunca,Casi nunca,A veces,A veces,Casi nunca,Nunca,Nunca,Nunca,Nunca,A veces,Casi nunca,A veces,Nunca,Casi nunca,Nunca,Nunca,A veces,Nunca,Siempre,Nunca,Casi nunca,Casi nunca,Nunca,Casi siempre,Nunca,Casi nunca,Nunca,Casi nunca,Casi nunca,Nunca,Casi nunca,Casi siempre,Nunca,Casi nunca,Nunca,Casi nunca,Casi nunca,Nunca,A veces,A veces,A veces,Nunca,Casi nunca,Casi nunca,Casi nunca,Casi nunca,A veces,Nunca,Casi nunca,Casi siempre,Nunca,A veces,Nunca,A veces,Nunca,Nunca
¿Utilizas la misma contraseña para tus diferentes cuentas electrónicas?,Sí,Sí,Sí,No,No,No,No,Sí,No,No,Sí,Sí,Sí,No,Sí,Sí,Sí,No,Sí,Sí,Sí,No,Sí,Sí,No,Sí,Sí,Sí,Sí,No,No,No,Sí,No,No,No,Sí,No,Sí,Sí,Sí,Sí,No,No,Sí,No,Sí,Sí,No,Sí,No,Sí,No,Sí,Sí,No,No,No,No,Sí,Sí,Sí,No,No,Sí,No,Sí,No,Sí,Sí,No,No,Sí,No,No,Sí,No,Sí,No,No,No,Sí,Sí,No,No,No,No,No,Sí,Sí,No,No,No,No,No
¿Con qué frecuencia cambias tus contraseña  si no te obliga la pagina? ,1 a 6 meses,1 a 2 años,1 a 6 meses,1 a 6 meses,1 a 2 años,Más de 2 años,Más de 2 años,Más de 2 años,Menos de 1 mes,Más de 2 años,1 a 2 años,Más de 2 años,1 a 2 años,Más de 2 años,Más de 2 años,Más de 2 años,Más de 2 años,1 a 2 años,Más de 2 años,Más de 2 años,Más de 2 años,1 a 6 meses,Más de 2 años,Más de 2 años,1 a 2 años,1 a 2 años,1 a 2 años,Más de 2 años,Más de 2 años,1 a 2 años,Más de 2 años,7 a 12 meses,Más de 2 años,Más de 2 años,1 a 2 años,Más de 2 años,Más de 2 años,7 a 12 meses,1 a 2 años,7 a 12 meses,1 a 2 años,1 a 2 años,Más de 2 años,Más de 2 años,Más de 2 años,Más de 2 años,Más de 2 años,Más de 2 años,1 a 2 años,Más de 2 años,Más de 2 años,1 a 2 años,Más de 2 años,Más de 2 años,Más de 2 años,Más de 2 años,1 a 6 meses,7 a 12 meses,Más de 2 años,1 a 2 años,1 a 6 meses,1 a 2 años,1 a 2 años,7 a 12 meses,1 a 2 años,Más de 2 años,Más de 2 años,Más de 2 años,1 a 2 años,Más de 2 años,7 a 12 meses,Más de 2 años,Más de 2 años,1 a 2 años,1 a 2 años,7 a 12 meses,Más de 2 años,Más de 2 años,1 a 6 meses,Más de 2 años,Más de 2 años,Más de 2 años,1 a 2 años,Más de 2 años,Más de 2 años,1 a 2 años,Más de 2 años,Más de 2 años,1 a 6 meses,1 a 2 años,1 a 2 años,Más de 2 años,1 a 2 años,Más de 2 años,Más de 2 años
¿Utilizas un administrador de contraseñas (Autofill)?,Sí,Sí,Sí,Sí,Sí,No,Sí,Sí,No,Sí,Sí,Sí,Sí,No,Sí,No,Sí,No,Sí,Sí,No,No,Sí,Sí,No,Sí,No,No,No,Sí,No,Sí,Sí,No,No,Sí,Sí,No,No,Sí,Sí,Sí,Sí,Sí,No,Sí,No,Sí,Sí,Sí,No,Sí,No,No,Sí,Sí,Sí,Sí,Sí,No,Sí,No,No,Sí,Sí,Sí,Sí,No,Sí,Sí,No,No,Sí,Sí,Sí,No,No,No,No,Sí,No,No,Sí,Sí,Sí,No,Sí,No,Sí,Sí,No,Sí,Sí,Sí,Sí
¿Tomas medidas y acciones  para mantener en privacidad tus datos? ,Sí,No,Sí,No,Sí,Sí,No,No,No,Sí,Sí,No,No,No,No,No,Sí,Sí,No,No,Sí,Sí,No,No,Sí,No,Sí,Sí,Sí,Sí,Sí,Sí,No,No,No,Sí,Sí,Sí,Sí,No,No,No,Sí,No,Sí,Sí,Sí,No,No,Sí,Sí,Sí,Sí,Sí,No,Sí,Sí,Sí,Sí,Sí,No,No,Sí,No,No,No,No,No,No,No,No,Sí,No,No,Sí,Sí,No,Sí,Sí,Sí,Sí,Sí,Sí,Sí,Sí,Sí,No,Sí,Sí,No,Sí,No,Sí,Sí,Sí
¿Cuáles medidas tomas? ,"Cambio constante de contraseñas, Leer los avisos de privacidad, Tengo antivirus descargado en mi dispositivo",,"VF2 (autentificación de dos pasos), Leer los avisos de privacidad, Checar que la conexión sea segura antes de hacer pagos en línea",,"Cambio constante de contraseñas, Leer los avisos de privacidad, Tengo antivirus descargado en mi dispositivo, Checar que la conexión sea segura antes de hacer pagos en línea, Tapar tu cámara cuando no la estés usando","VF2 (autentificación de dos pasos), Leer los avisos de privacidad, Tengo antivirus descargado en mi dispositivo, Checar que la conexión sea segura antes de hacer pagos en línea, Tapar tu cámara cuando no la estés usando",,,,"Cambio constante de contraseñas, Tengo antivirus descargado en mi dispositivo, Checar que la conexión sea segura antes de hacer pagos en línea","Tengo antivirus descargado en mi dispositivo, Checar que la conexión sea segura antes de hacer pagos en línea, Tapar tu cámara cuando no la estés usando",,,,,,"VF2 (autentificación de dos pasos), Tengo antivirus descargado en mi dispositivo, Checar que la conexión sea segura antes de hacer pagos en línea","VF2 (autentificación de dos pasos), Tengo antivirus descargado en mi dispositivo, Checar que la conexión sea segura antes de hacer pagos en línea",,,VF2 (autentificación de dos pasos),Checar que la conexión sea segura antes de hacer pagos en línea,,,Tengo antivirus descargado en mi dispositivo,,"VF2 (autentificación de dos pasos), Tengo antivirus descargado en mi dispositivo, Checar que la conexión sea segura antes de hacer pagos en línea, Tapar tu cámara cuando no la estés usando",Checar que la conexión sea segura antes de hacer pagos en línea,"VF2 (autentificación de dos pasos), Tengo antivirus descargado en mi dispositivo, Tapar tu cámara cuando no la estés usando","Tengo antivirus descargado en mi dispositivo, Checar que la conexión sea segura antes de hacer pagos en línea, Tapar tu cámara cuando no la estés usando",Tapar tu cámara cuando no la estés usando,"Cambio constante de contraseñas, VF2 (autentificación de dos pasos), Tengo antivirus descargado en mi dispositivo, Checar que la conexión sea segura antes de hacer pagos en línea, Otro",,,,"Tengo antivirus descargado en mi dispositivo, Checar que la conexión sea segura antes de hacer pagos en línea",Tapar tu cámara cuando no la estés usando,"Leer los avisos de privacidad, Tengo antivirus descargado en mi dispositivo, Checar que la conexión sea segura antes de hacer pagos en línea","Checar que la conexión sea segura antes de hacer pagos en línea, Tapar tu cámara cuando no la estés usando",,,,"VF2 (autentificación de dos pasos), Leer los avisos de privacidad, Checar que la conexión sea segura antes de hacer pagos en línea, Tapar tu cámara cuando no la estés usando",,"VF2 (autentificación de dos pasos), Checar que la conexión sea segura antes de hacer pagos en línea, Tapar tu cámara cuando no la estés usando",VF2 (autentificación de dos pasos),Tengo antivirus descargado en mi dispositivo,,,"VF2 (autentificación de dos pasos), Tengo antivirus descargado en mi dispositivo, Checar que la conexión sea segura antes de hacer pagos en línea","VF2 (autentificación de dos pasos), Leer los avisos de privacidad, Tengo antivirus descargado en mi dispositivo, Checar que la conexión sea segura antes de hacer pagos en línea, Tapar tu cámara cuando no la estés usando, Otro","VF2 (autentificación de dos pasos), Checar que la conexión sea segura antes de hacer pagos en línea","Cambio constante de contraseñas, Checar que la conexión sea segura antes de hacer pagos en línea, Tapar tu cámara cuando no la estés usando","VF2 (autentificación de dos pasos), Tengo antivirus descargado en mi dispositivo",,VF2 (autentificación de dos pasos),"Cambio constante de contraseñas, Tengo antivirus descargado en mi dispositivo","Cambio constante de contraseñas, Leer los avisos de privacidad, Checar que la conexión sea segura antes de hacer pagos en línea, Tapar tu cámara cuando no la estés usando","VF2 (autentificación de dos pasos), Tengo antivirus descargado en mi dispositivo, Checar que la conexión sea segura antes de hacer pagos en línea","Checar que la conexión sea segura antes de hacer pagos en línea, Tapar tu cámara cuando no la estés usando",,,"VF2 (autentificación de dos pasos), Checar que la conexión sea segura antes de hacer pagos en línea, Tapar tu cámara cuando no la estés usando",,,,,,,,,"VF2 (autentificación de dos pasos), Tengo antivirus descargado en mi dispositivo, Checar que la conexión sea segura antes de hacer pagos en línea, Tapar tu cámara cuando no la estés usando",,,"VF2 (autentificación de dos pasos), Tengo antivirus descargado en mi dispositivo","Cambio constante de contraseñas, Tengo antivirus descargado en mi dispositivo, Checar que la conexión sea segura antes de hacer pagos en línea, Tapar tu cámara cuando no la estés usando",,"VF2 (autentificación de dos pasos), Tengo antivirus descargado en mi dispositivo","Cambio constante de contraseñas, VF2 (autentificación de dos pasos), Tengo antivirus descargado en mi dispositivo","VF2 (autentificación de dos pasos), Tengo antivirus descargado en mi dispositivo, Checar que la conexión sea segura antes de hacer pagos en línea","VF2 (autentificación de dos pasos), Tengo antivirus descargado en mi dispositivo, Checar que la conexión sea segura antes de hacer pagos en línea","VF2 (autentificación de dos pasos), Tengo antivirus descargado en mi dispositivo, Checar que la conexión sea segura antes de hacer pagos en línea","Tengo antivirus descargado en mi dispositivo, Checar que la conexión sea segura antes de hacer pagos en línea","Tengo antivirus descargado en mi dispositivo, Checar que la conexión sea segura antes de hacer pagos en línea, Tapar tu cámara cuando no la estés usando","VF2 (autentificación de dos pasos), Tengo antivirus descargado en mi dispositivo, Checar que la conexión sea segura antes de hacer pagos en línea, Tapar tu cámara cuando no la estés usando","Cambio constante de contraseñas, VF2 (autentificación de dos pasos), Leer los avisos de privacidad, Tengo antivirus descargado en mi dispositivo, Checar que la conexión sea segura antes de hacer pagos en línea",,"VF2 (autentificación de dos pasos), Tengo antivirus descargado en mi dispositivo, Checar que la conexión sea segura antes de hacer pagos en línea","Cambio constante de contraseñas, VF2 (autentificación de dos pasos), Checar que la conexión sea segura antes de hacer pagos en línea",,"Cambio constante de contraseñas, VF2 (autentificación de dos pasos), Tengo antivirus descargado en mi dispositivo, Checar que la conexión sea segura antes de hacer pagos en línea",,"Tengo antivirus descargado en mi dispositivo, Checar que la conexión sea segura antes de hacer pagos en línea, Tapar tu cámara cuando no la estés usando","VF2 (autentificación de dos pasos), Tengo antivirus descargado en mi dispositivo, Checar que la conexión sea segura antes de hacer pagos en línea","Tengo antivirus descargado en mi dispositivo, Checar que la conexión sea segura antes de hacer pagos en línea, Tapar tu cámara cuando no la estés usando"
¿Qué percepción tienes acerca de los peligros que puedes correr en línea?,Me son indiferentes,Conozco los peligros pero no me afectan,Los considero importantes,Los considero importantes,Los considero importantes,Conozco los peligros pero no me afectan,Nunca me siento seguro y me preocupan mucho los peligros,Conozco los peligros pero no me afectan,Los considero importantes,Los considero importantes,Los considero importantes,Los considero importantes,Conozco los peligros pero no me afectan,No me preocupan,Los considero importantes,Conozco los peligros pero no me afectan,Los considero importantes,Los considero importantes,Conozco los peligros pero no me afectan,Los considero importantes,Los considero importantes,Los considero importantes,Me son indiferentes,Conozco los peligros pero no me afectan,Los considero importantes,Conozco los peligros pero no me afectan,Los considero importantes,Conozco los peligros pero no me afectan,Conozco los peligros pero no me afectan,Los considero importantes,Los considero importantes,Los considero importantes,Los considero importantes,Conozco los peligros pero no me afectan,Los considero importantes,Los considero importantes,Los considero importantes,Los considero importantes,Los considero importantes,Los considero importantes,Me son indiferentes,Los considero importantes,Los considero importantes,No los conozco,Los considero importantes,Los considero importantes,Conozco los peligros pero no me afectan,Conozco los peligros pero no me afectan,Conozco los peligros pero no me afectan,Conozco los peligros pero no me afectan,Los considero importantes,Los considero importantes,Nunca me siento seguro y me preocupan mucho los peligros,Los considero importantes,Conozco los peligros pero no me afectan,Conozco los peligros pero no me afectan,No los conozco,Los considero importantes,Los considero importantes,Conozco los peligros pero no me afectan,Los considero importantes,Me son indiferentes,Los considero importantes,Conozco los peligros pero no me afectan,Conozco los peligros pero no me afectan,Me son indiferentes,Conozco los peligros pero no me afectan,Los considero importantes,Conozco los peligros pero no me afectan,Los considero importantes,Los considero importantes,Nunca me siento seguro y me preocupan mucho los peligros,No los conozco,Los considero importantes,Conozco los peligros pero no me afectan,Los considero importantes,Me son indiferentes,Los considero importantes,Conozco los peligros pero no me afectan,Los considero importantes,Los considero importantes,Los considero importantes,Los considero importantes,Los considero importantes,Los considero importantes,Los considero importantes,Conozco los peligros pero no me afectan,No los conozco,Los considero importantes,Los considero importantes,Los considero importantes,Los considero importantes,Los considero importantes,Los considero importantes,Conozco los peligros pero no me afectan